Timestamp;gLeftWheelTicks;gRightWheelTicks;gTheta_hat;gX_hat;gY_hat
6000;0;0;2.961110E-002;142;1
30000;0;0;2.960933E-002;142;1
56000;0;0;2.960933E-002;142;1
79000;0;0;2.961822E-002;142;1
104000;0;0;2.961822E-002;142;1
127000;0;0;2.961645E-002;142;1
150000;0;0;2.963066E-002;142;1
176000;0;0;2.963066E-002;142;1
201000;0;0;2.962622E-002;142;1
224000;0;0;2.962622E-002;142;1
246000;0;0;2.963245E-002;142;1
268000;0;0;2.962269E-002;142;1
292000;0;0;2.962269E-002;142;1
317000;0;0;2.961825E-002;142;1
341000;0;0;2.961825E-002;142;1
364000;0;0;2.962448E-002;142;1
388000;0;0;2.962448E-002;142;1
414000;0;0;2.963070E-002;142;1
439000;0;0;2.961295E-002;142;1
463000;0;0;2.961295E-002;142;1
486000;0;0;2.961384E-002;142;1
510000;0;0;2.960675E-002;142;1
536000;0;0;2.960675E-002;142;1
561000;0;0;2.961030E-002;142;1
585000;0;0;2.961030E-002;142;1
609000;0;0;2.961120E-002;142;1
633000;0;0;2.959079E-002;142;1
656000;0;0;2.959079E-002;142;1
682000;0;0;2.958902E-002;142;1
706000;0;0;2.958902E-002;142;1
728000;0;0;2.958725E-002;142;1
752000;0;0;2.958725E-002;142;1
778000;0;0;2.958814E-002;142;1
803000;0;0;2.957039E-002;142;1
826000;0;0;2.957039E-002;142;1
850000;0;0;2.956330E-002;142;1
874000;0;0;2.955087E-002;142;1
900000;0;0;2.955087E-002;142;1
925000;0;0;2.953845E-002;142;1
949000;0;0;2.953845E-002;142;1
972000;0;0;2.952070E-002;142;1
995000;0;0;2.952160E-002;142;1
1021000;0;0;2.952160E-002;142;1
1046000;0;0;2.954113E-002;142;1
1070000;0;0;2.954113E-002;142;1
1094000;0;0;2.953937E-002;142;1
1119000;0;0;2.954292E-002;142;1
1144000;0;0;2.954292E-002;142;1
1167000;0;0;2.953849E-002;142;1
1191000;0;0;2.953849E-002;142;1
1215000;0;0;2.953938E-002;142;1
1238000;0;0;2.953229E-002;142;1
1263000;0;0;2.953229E-002;142;1
1288000;0;0;2.953052E-002;142;1
1311000;0;0;2.953052E-002;142;1
1334000;0;0;2.953674E-002;142;1
1358000;0;0;2.953497E-002;142;1
1384000;0;0;2.953497E-002;142;1
1409000;0;0;2.953587E-002;142;1
1433000;0;0;2.953587E-002;142;1
1457000;0;0;2.952611E-002;142;1
1480000;0;0;2.952700E-002;142;1
1506000;0;0;2.952700E-002;142;1
1529000;0;0;2.955453E-002;142;1
1553000;0;0;2.955453E-002;142;1
1575000;0;0;2.956341E-002;142;1
1599000;0;0;2.956164E-002;142;1
1622000;0;0;2.956164E-002;142;1
1647000;0;0;2.955721E-002;142;1
1669000;0;0;2.955721E-002;142;1
1692000;0;0;2.956077E-002;142;1
1716000;0;0;2.956077E-002;142;1
1742000;0;0;2.954834E-002;142;1
1767000;0;0;2.954391E-002;142;1
1789000;0;0;2.954391E-002;142;1
1812000;0;0;2.954747E-002;142;1
1836000;0;0;2.954747E-002;142;1
1860000;0;0;2.952972E-002;142;1
1884000;0;0;2.953061E-002;142;1
1910000;0;0;2.953061E-002;142;1
1933000;0;0;2.953683E-002;142;1
1956000;0;0;2.953683E-002;142;1
1978000;0;0;2.953506E-002;142;1
2001000;0;0;2.953329E-002;142;1
2025000;0;0;2.953329E-002;142;1
2051000;0;0;2.955283E-002;142;1
2074000;0;0;2.955283E-002;142;1
2098000;0;0;2.954840E-002;142;1
2122000;0;0;2.954929E-002;142;1
2147000;0;0;2.954929E-002;142;1
2173000;0;0;2.956617E-002;142;1
2196000;0;0;2.956617E-002;142;1
2220000;0;0;2.956706E-002;142;1
2244000;0;0;2.956529E-002;142;1
2267000;0;0;2.956529E-002;142;1
2293000;0;0;2.955553E-002;142;1
2316000;0;0;2.955553E-002;142;1
2339000;0;0;2.955110E-002;142;1
2362000;0;0;2.955110E-002;142;1
2386000;0;0;2.955998E-002;142;1
2409000;0;0;2.956620E-002;142;1
2435000;0;0;2.956620E-002;142;1
2458000;0;0;2.955911E-002;142;1
2482000;0;0;2.955911E-002;142;1
2508000;0;0;2.956000E-002;142;1
2533000;0;0;2.954758E-002;142;1
2555000;0;0;2.954758E-002;142;1
2578000;0;0;2.956712E-002;142;1
2602000;0;0;2.956712E-002;142;1
2626000;0;0;2.955203E-002;142;1
2649000;0;0;2.955026E-002;142;1
2673000;0;0;2.955026E-002;142;1
2699000;0;0;2.953784E-002;142;1
2722000;0;0;2.953784E-002;142;1
2745000;0;0;2.953607E-002;142;1
2769000;0;0;2.952898E-002;142;1
2795000;0;0;2.952898E-002;142;1
2818000;0;0;2.954319E-002;142;1
2842000;0;0;2.954319E-002;142;1
2866000;0;0;2.955207E-002;142;1
2890000;0;0;2.954764E-002;142;1
2915000;0;0;2.954764E-002;142;1
2940000;0;0;2.954054E-002;142;1
2964000;0;0;2.954054E-002;142;1
2988000;0;0;2.955209E-002;142;1
3011000;0;0;2.954499E-002;142;1
3036000;0;0;2.954499E-002;142;1
3060000;0;0;2.954855E-002;142;1
3083000;0;0;2.954855E-002;142;1
3107000;0;0;2.954146E-002;142;1
3130000;0;0;2.955567E-002;142;1
3154000;0;0;2.955567E-002;142;1
3181000;0;0;2.954857E-002;142;1
3205000;0;0;2.954857E-002;142;1
3229000;0;0;2.955213E-002;142;1
3252000;0;0;2.953971E-002;142;1
3278000;0;0;2.953971E-002;142;1
3301000;0;0;2.954593E-002;142;1
3325000;0;0;2.954593E-002;142;1
3347000;0;0;2.954150E-002;142;1
3371000;0;0;2.953973E-002;142;1
3396000;0;0;2.953973E-002;142;1
3420000;0;0;2.954328E-002;142;1
3443000;0;0;2.954328E-002;142;1
3465000;0;0;2.954418E-002;142;1
3489000;0;0;2.954418E-002;142;1
3516000;0;0;2.952909E-002;142;1
3541000;0;0;2.952200E-002;142;1
3563000;0;0;2.952200E-002;142;1
3587000;0;0;2.953354E-002;142;1
3610000;0;0;2.953354E-002;142;1
3634000;0;0;2.953444E-002;142;1
3658000;0;0;2.953001E-002;142;1
3684000;0;0;2.953001E-002;142;1
3707000;0;0;2.952824E-002;142;1
3731000;0;0;2.952824E-002;142;1
3756000;0;0;2.952647E-002;142;1
3779000;0;0;2.953535E-002;142;1
3803000;0;0;2.953535E-002;142;1
3827000;0;0;2.952825E-002;142;1
3850000;0;0;2.952825E-002;142;1
3874000;0;0;2.952915E-002;142;1
3898000;0;0;2.952472E-002;142;1
3921000;0;0;2.952472E-002;142;1
3947000;0;0;2.953893E-002;142;1
3968000;0;0;2.953893E-002;142;1
3990000;0;0;2.954248E-002;142;1
4014000;0;0;2.954248E-002;142;1
4040000;0;0;2.953272E-002;142;1
4065000;0;0;2.953628E-002;142;1
4088000;0;0;2.953628E-002;142;1
4110000;0;0;2.954517E-002;142;1
4135000;0;0;2.954517E-002;142;1
4161000;0;0;2.954340E-002;142;1
4185000;0;0;2.954962E-002;142;1
4210000;0;0;2.954962E-002;142;1
4234000;0;0;2.953720E-002;142;1
4258000;0;0;2.953276E-002;142;1
4284000;0;0;2.953276E-002;142;1
4309000;0;0;2.953366E-002;142;1
4333000;0;0;2.953366E-002;142;1
4356000;0;0;2.953721E-002;142;1
4378000;0;0;2.954610E-002;142;1
4404000;0;0;2.954610E-002;142;1
4429000;0;0;2.954965E-002;142;1
4452000;0;0;2.954965E-002;142;1
4474000;0;0;2.954256E-002;142;1
4498000;0;0;2.955144E-002;142;1
4522000;0;0;2.955144E-002;142;1
4547000;0;0;2.955766E-002;142;1
4571000;0;0;2.955766E-002;142;1
4594000;0;0;2.955057E-002;142;1
4618000;0;0;2.955057E-002;142;1
4642000;0;0;2.954614E-002;142;1
4667000;0;0;2.956301E-002;142;1
4689000;0;0;2.956301E-002;142;1
4713000;0;0;2.956923E-002;142;1
4736000;0;0;2.956923E-002;142;1
4758000;0;0;2.957279E-002;142;1
4781000;0;0;2.957901E-002;142;1
4806000;0;0;2.957901E-002;142;1
4831000;0;0;2.958257E-002;142;1
4854000;0;0;2.958257E-002;142;1
4878000;0;0;2.958879E-002;142;1
4901000;0;0;2.960300E-002;142;1
4926000;0;0;2.960300E-002;142;1
4952000;0;0;2.960656E-002;142;1
4976000;0;0;2.960656E-002;142;1
4999000;0;0;2.961810E-002;142;1
5023000;0;0;2.961367E-002;142;1
5046000;0;0;2.961367E-002;142;1
5072000;0;0;2.961456E-002;142;1
5094000;0;0;2.961456E-002;142;1
5118000;0;0;2.961812E-002;142;1
5141000;0;0;2.961812E-002;142;1
5167000;0;0;2.962434E-002;142;1
5192000;0;0;2.963323E-002;142;1
5216000;0;0;2.963323E-002;142;1
5239000;0;0;2.963146E-002;142;1
5263000;0;0;2.963146E-002;142;1
5287000;0;0;2.964300E-002;142;1
5312000;0;0;2.964123E-002;142;1
5335000;0;0;2.964123E-002;142;1
5360000;0;0;2.963147E-002;142;1
5383000;0;0;2.963147E-002;142;1
5407000;0;0;2.963237E-002;142;1
5431000;0;0;2.962261E-002;142;1
5456000;0;0;2.962261E-002;142;1
5480000;0;0;2.962350E-002;142;1
5503000;0;0;2.962350E-002;142;1
5529000;0;0;2.962440E-002;142;1
5554000;0;0;2.962796E-002;142;1
5576000;0;0;2.962796E-002;142;1
5600000;0;0;2.962352E-002;142;1
5624000;0;0;2.962352E-002;142;1
5647000;0;0;2.962175E-002;142;1
5671000;0;0;2.962531E-002;142;1
5695000;0;0;2.962531E-002;142;1
5720000;0;0;2.961822E-002;142;1
5743000;0;0;2.961822E-002;142;1
5768000;0;0;2.962976E-002;142;1
5791000;0;0;2.962267E-002;142;1
5817000;0;0;2.962267E-002;142;1
5840000;0;0;2.963688E-002;142;1
5864000;0;0;2.963688E-002;142;1
5888000;0;0;2.963511E-002;142;1
5911000;0;0;2.963068E-002;142;1
5937000;0;0;2.963068E-002;142;1
5960000;0;0;2.963690E-002;142;1
5984000;0;0;2.963690E-002;142;1
6007000;0;0;2.964578E-002;142;1
6031000;0;0;2.963602E-002;142;1
6055000;0;0;2.963602E-002;142;1
6080000;0;0;2.964224E-002;142;1
6104000;0;0;2.964224E-002;142;1
6128000;0;0;2.964314E-002;142;1
6151000;0;0;2.965202E-002;142;1
6174000;0;0;2.965202E-002;142;1
6202000;0;0;2.964759E-002;142;1
6225000;0;0;2.964759E-002;142;1
6247000;0;0;2.965647E-002;142;1
6272000;0;0;2.965204E-002;142;1
6298000;0;0;2.965204E-002;142;1
6323000;0;0;2.964228E-002;142;1
6346000;0;0;2.964228E-002;142;1
6370000;0;0;2.964584E-002;142;1
6393000;0;0;2.965206E-002;142;1
6419000;0;0;2.965206E-002;142;1
6444000;0;0;2.965561E-002;142;1
6468000;0;0;2.965561E-002;142;1
6491000;0;0;2.964852E-002;142;1
6515000;0;0;2.966007E-002;142;1
6539000;0;0;2.966007E-002;142;1
6563000;0;0;2.966096E-002;142;1
6587000;0;0;2.966096E-002;142;1
6610000;0;0;2.966185E-002;142;1
6634000;0;0;2.966275E-002;142;1
6657000;0;0;2.966275E-002;142;1
6683000;0;0;2.965033E-002;142;1
6705000;0;0;2.965033E-002;142;1
6729000;0;0;2.964057E-002;142;1
6752000;0;0;2.964057E-002;142;1
6778000;0;0;2.963081E-002;142;1
6803000;0;0;2.962638E-002;142;1
6825000;0;0;2.962638E-002;142;1
6849000;0;0;2.961928E-002;142;1
6872000;0;0;2.961928E-002;142;1
6896000;0;0;2.961485E-002;142;1
6920000;0;0;2.962640E-002;142;1
6944000;0;0;2.962640E-002;142;1
6969000;0;0;2.961397E-002;142;1
6992000;0;0;2.961397E-002;142;1
7014000;0;0;2.961220E-002;142;1
7038000;0;0;2.961843E-002;142;1
7062000;0;0;2.961843E-002;142;1
7087000;0;0;2.961399E-002;142;1
7111000;0;0;2.961399E-002;142;1
7135000;0;0;2.961222E-002;142;1
7158000;0;0;2.961844E-002;142;1
7184000;0;0;2.961844E-002;142;1
7209000;0;0;2.962467E-002;142;1
7233000;0;0;2.962467E-002;142;1
7256000;0;0;2.961491E-002;142;1
7280000;0;0;2.961047E-002;142;1
7307000;0;0;2.961047E-002;142;1
7330000;0;0;2.961669E-002;142;1
7354000;0;0;2.961669E-002;142;1
7378000;0;0;2.963091E-002;142;1
7402000;0;0;2.964245E-002;142;1
7425000;0;0;2.964245E-002;142;1
7450000;0;0;2.963802E-002;142;1
7474000;0;0;2.963802E-002;142;1
7496000;0;0;2.964158E-002;142;1
7520000;0;0;2.964247E-002;142;1
7546000;0;0;2.964247E-002;142;1
7571000;0;0;2.964336E-002;142;1
7594000;0;0;2.964336E-002;142;1
7616000;0;0;2.964426E-002;142;1
7640000;0;0;2.963983E-002;142;1
7666000;0;0;2.963983E-002;142;1
7691000;0;0;2.965137E-002;142;1
7715000;0;0;2.965137E-002;142;1
7738000;0;0;2.964694E-002;142;1
7763000;0;0;2.964251E-002;142;1
7789000;0;0;2.964251E-002;142;1
7814000;0;0;2.965405E-002;142;1
7838000;0;0;2.965405E-002;142;1
7862000;0;0;2.966294E-002;142;1
7885000;0;0;2.966916E-002;142;1
7909000;0;0;2.966916E-002;142;1
7934000;0;0;2.967804E-002;142;1
7958000;0;0;2.967804E-002;142;1
7982000;0;0;2.967361E-002;142;1
8006000;0;0;2.967716E-002;142;1
8030000;0;0;2.967716E-002;142;1
8055000;0;0;2.967273E-002;142;1
8078000;0;0;2.967273E-002;142;1
8102000;0;0;2.968428E-002;142;1
8125000;0;0;2.969050E-002;142;1
8150000;0;0;2.969050E-002;142;1
8175000;0;0;2.968607E-002;142;1
8199000;0;0;2.968607E-002;142;1
8222000;0;0;2.967098E-002;142;1
8246000;0;0;2.966921E-002;142;1
8270000;0;0;2.966921E-002;142;1
8295000;0;0;2.966744E-002;142;1
8320000;0;0;2.966744E-002;142;1
8343000;0;0;2.967366E-002;142;1
8366000;0;0;2.967988E-002;142;1
8392000;0;0;2.967988E-002;142;1
8417000;0;0;2.967279E-002;142;1
8440000;0;0;2.967279E-002;142;1
8463000;0;0;2.967901E-002;142;1
8486000;0;0;2.967458E-002;142;1
8510000;0;0;2.967458E-002;142;1
8535000;0;0;2.968080E-002;142;1
8557000;0;0;2.968080E-002;142;1
8581000;0;0;2.968968E-002;142;1
8604000;0;0;2.968968E-002;142;1
8626000;0;0;2.968791E-002;142;1
8650000;0;0;2.968614E-002;142;1
8674000;0;0;2.968614E-002;142;1
8699000;0;0;2.968970E-002;142;1
8723000;0;0;2.968970E-002;142;1
8746000;0;0;2.968260E-002;142;1
8770000;0;0;2.968350E-002;142;1
8796000;0;0;2.968350E-002;142;1
8821000;0;0;2.966841E-002;142;1
8845000;0;0;2.966841E-002;142;1
8869000;0;0;2.967730E-002;142;1
8892000;0;0;2.968352E-002;142;1
8918000;0;0;2.968352E-002;142;1
8942000;0;0;2.968441E-002;142;1
8965000;0;0;2.968441E-002;142;1
8988000;0;0;2.967998E-002;142;1
9011000;0;0;2.968886E-002;142;1
9037000;0;0;2.968886E-002;142;1
9062000;0;0;2.969774E-002;142;1
9085000;0;0;2.969774E-002;142;1
9108000;0;0;2.969597E-002;142;1
9131000;0;0;2.969953E-002;142;1
9155000;0;0;2.969953E-002;142;1
9181000;0;0;2.969510E-002;142;1
9203000;0;0;2.969510E-002;142;1
9227000;0;0;2.969599E-002;142;1
9250000;0;0;2.969599E-002;142;1
9276000;0;0;2.969422E-002;142;1
9301000;0;0;2.969245E-002;142;1
9325000;0;0;2.969245E-002;142;1
9350000;0;0;2.969335E-002;142;1
9374000;0;0;2.968093E-002;142;1
9397000;0;0;2.968093E-002;142;1
9423000;0;0;2.968448E-002;142;1
9445000;0;0;2.968448E-002;142;1
9469000;0;0;2.969337E-002;142;1
9492000;0;0;2.969337E-002;142;1
9518000;0;0;2.968893E-002;142;1
9543000;0;0;2.969516E-002;142;1
9565000;0;0;2.969516E-002;142;1
9588000;0;0;2.969871E-002;142;1
9612000;0;0;2.969871E-002;142;1
9638000;0;0;2.970227E-002;142;1
9663000;0;0;2.970050E-002;142;1
9685000;0;0;2.970050E-002;142;1
9708000;0;0;2.970938E-002;142;1
9730000;0;0;2.970938E-002;142;1
9752000;0;0;2.971028E-002;142;1
9776000;0;0;2.971916E-002;142;1
9802000;0;0;2.971916E-002;142;1
9827000;0;0;2.971207E-002;142;1
9850000;0;0;2.971207E-002;142;1
9874000;0;0;2.971296E-002;142;1
9898000;0;0;2.970853E-002;142;1
9923000;0;0;2.970853E-002;142;1
9949000;0;0;2.971475E-002;142;1
9972000;0;0;2.971475E-002;142;1
9996000;0;0;2.970765E-002;142;1
10019000;0;0;2.970588E-002;142;1
10043000;0;0;2.970588E-002;142;1
10069000;0;0;2.970678E-002;142;1
10092000;0;0;2.970678E-002;142;1
10115000;0;0;2.969968E-002;142;1
10138000;0;0;2.969525E-002;142;1
10164000;0;0;2.969525E-002;142;1
10190000;0;0;2.969614E-002;142;1
10214000;0;0;2.969614E-002;142;1
10238000;0;0;2.969437E-002;142;1
10262000;0;0;2.969793E-002;142;1
10288000;0;0;2.969793E-002;142;1
10311000;0;0;2.969084E-002;142;1
10334000;0;0;2.969084E-002;142;1
10358000;0;0;2.969173E-002;142;1
10383000;0;0;2.969529E-002;142;1
10409000;0;0;2.969529E-002;142;1
10432000;0;0;2.969618E-002;142;1
10456000;0;0;2.969618E-002;142;1
10479000;0;0;2.969175E-002;142;1
10503000;0;0;2.968466E-002;142;1
10529000;0;0;2.968466E-002;142;1
10552000;0;0;2.968289E-002;142;1
10577000;0;0;2.968289E-002;142;1
10599000;0;0;2.968112E-002;142;1
10623000;0;0;2.967668E-002;142;1
10646000;0;0;2.967668E-002;142;1
10671000;0;0;2.968290E-002;142;1
10695000;0;0;2.968290E-002;142;1
10718000;0;0;2.968913E-002;142;1
10741000;0;0;2.968913E-002;142;1
10765000;0;0;2.969268E-002;142;1
10789000;0;0;2.970689E-002;142;1
10813000;0;0;2.970689E-002;142;1
10835000;0;0;2.971045E-002;142;1
10859000;0;0;2.971045E-002;142;1
10881000;0;0;2.970602E-002;142;1
10903000;0;0;2.970158E-002;142;1
10927000;0;0;2.970158E-002;142;1
10952000;0;0;2.970514E-002;142;1
10974000;0;0;2.970514E-002;142;1
10998000;0;0;2.970337E-002;142;1
11021000;0;0;2.970337E-002;142;1
11043000;0;0;2.970959E-002;142;1
11067000;0;0;2.971582E-002;142;1
11093000;0;0;2.971582E-002;142;1
11118000;0;0;2.972470E-002;142;1
11142000;0;0;2.972470E-002;142;1
11165000;0;0;2.972826E-002;142;1
11189000;0;0;2.972649E-002;142;1
11215000;0;0;2.972649E-002;142;1
11238000;0;0;2.971939E-002;142;1
11262000;0;0;2.971939E-002;142;1
11286000;0;0;2.972827E-002;142;1
11309000;0;0;2.972917E-002;142;1
11333000;0;0;2.972917E-002;142;1
11359000;0;0;2.973006E-002;142;1
11382000;0;0;2.973006E-002;142;1
11409000;-1;1;2.972829E-002;142;1
11432000;-5;5;3.105741E-002;142;1
11457000;-5;5;3.105741E-002;142;1
11481000;-6;6;3.661017E-002;142;1
11505000;-6;6;3.661017E-002;142;1
11530000;-9;10;4.370156E-002;142;1
11556000;-10;11;5.506622E-002;142;1
11579000;-10;11;5.506622E-002;142;1
11603000;-11;14;6.246649E-002;142;1
11627000;-11;14;6.246649E-002;142;1
11654000;-12;16;7.297211E-002;142;1
11680000;-14;18;8.803720E-002;143;1
11703000;-14;18;8.803720E-002;143;1
11726000;-14;20;1.029159E-001;143;1
11749000;-14;20;1.193019E-001;144;1
11776000;-16;22;1.193019E-001;144;1
11803000;-17;23;1.353577E-001;145;1
11826000;-17;23;1.353577E-001;145;1
11849000;-19;24;1.538371E-001;145;1
11872000;-19;26;1.755763E-001;146;1
11897000;-21;26;1.755763E-001;146;1
11923000;-22;27;1.983168E-001;146;2
11947000;-22;27;1.983168E-001;146;2
11969000;-28;35;2.224529E-001;147;2
11993000;-28;35;2.483947E-001;147;2
12018000;-19;24;2.483947E-001;147;2
12045000;-23;31;2.729249E-001;148;2
12068000;-23;31;2.729249E-001;148;2
12090000;-24;32;2.970451E-001;149;2
12114000;-24;33;3.221825E-001;150;2
12140000;-25;33;3.221825E-001;150;2
12166000;-27;33;3.464944E-001;150;3
12190000;-27;33;3.464944E-001;150;3
12213000;-27;35;3.755149E-001;151;3
12237000;-27;35;4.048763E-001;152;3
12263000;-29;35;4.048763E-001;152;3
12287000;-29;35;4.362351E-001;152;4
12310000;-29;35;4.362351E-001;152;4
12333000;-29;36;4.668428E-001;153;4
12357000;-29;35;4.974666E-001;154;4
12383000;-28;35;4.974666E-001;154;4
12407000;-27;34;5.269185E-001;154;5
12434000;-27;34;5.269185E-001;155;5
12460000;-26;34;5.540587E-001;155;5
12486000;-28;34;5.845493E-001;156;5
12510000;-28;34;5.845493E-001;156;5
12532000;-27;33;6.145978E-001;156;6
12556000;-27;33;6.409071E-001;157;6
12581000;-27;32;6.409071E-001;157;6
12607000;-26;33;6.694589E-001;157;6
12630000;-26;33;6.694589E-001;157;6
12653000;-26;32;6.968495E-001;158;7
12677000;-26;32;7.239258E-001;158;7
12704000;-25;32;7.239258E-001;158;7
12729000;-25;32;7.496385E-001;159;8
12753000;-25;32;7.496385E-001;159;8
12775000;-25;32;7.733431E-001;159;8
12799000;-25;31;8.006858E-001;160;9
12823000;-25;31;8.006858E-001;160;9
12850000;-26;32;8.296050E-001;160;9
12873000;-26;32;8.296050E-001;160;10
12896000;-24;31;8.579437E-001;161;10
12919000;-24;31;8.796829E-001;161;10
12944000;-24;31;8.796829E-001;161;10
12970000;-24;37;9.042504E-001;162;11
12995000;-28;37;9.042504E-001;162;12
13017000;-17;24;9.245887E-001;162;12
13041000;-17;30;9.411133E-001;163;12
13066000;-22;30;9.411133E-001;163;12
13093000;-23;29;9.665917E-001;163;13
13116000;-23;29;9.665917E-001;163;14
13143000;-22;30;9.925814E-001;164;14
13169000;-23;29;1.020371E+000;164;14
13193000;-23;29;1.020371E+000;164;14
13216000;-22;29;1.043400E+000;164;15
13240000;-22;29;1.066747E+000;165;16
13265000;-22;28;1.066747E+000;165;16
13291000;-20;29;1.087959E+000;165;16
13314000;-20;29;1.087959E+000;165;16
13337000;-21;28;1.110982E+000;165;17
13361000;-21;28;1.134585E+000;166;18
13386000;-19;28;1.134585E+000;166;18
13414000;-20;27;1.158264E+000;166;19
13437000;-20;27;1.158264E+000;166;19
13465000;-20;27;1.180349E+000;167;19
13490000;-20;27;1.200389E+000;167;20
13514000;-20;27;1.200389E+000;167;20
13538000;-21;27;1.220040E+000;167;21
13561000;-21;27;1.220040E+000;167;21
13586000;-20;27;1.240064E+000;167;21
13612000;-18;26;1.262704E+000;167;22
13635000;-18;26;1.262704E+000;167;22
13659000;-16;27;1.285732E+000;168;23
13682000;-16;27;1.285732E+000;168;24
13707000;-13;28;1.307151E+000;168;24
13734000;-10;28;1.325332E+000;168;25
13758000;-10;28;1.325332E+000;168;25
13781000;-8;29;1.341964E+000;169;27
13804000;-8;29;1.357774E+000;169;30
13829000;-6;29;1.357774E+000;169;30
13855000;-4;30;1.374576E+000;170;32
13879000;-4;30;1.374576E+000;170;32
13902000;-2;29;1.391138E+000;170;35
13925000;-2;29;1.406709E+000;171;38
13950000;-1;31;1.406709E+000;171;38
13974000;-1;31;1.422387E+000;171;41
13999000;0;37;1.422387E+000;171;41
14021000;0;25;1.436008E+000;172;45
14045000;0;25;1.436008E+000;172;47
14071000;0;32;1.449774E+000;172;47
14097000;0;34;1.464647E+000;173;51
14120000;0;34;1.464647E+000;173;51
14143000;0;36;1.480633E+000;173;54
14166000;0;36;1.497994E+000;173;58
14190000;0;37;1.497994E+000;173;58
14216000;0;37;1.516703E+000;174;62
14238000;0;37;1.516703E+000;174;62
14262000;0;38;1.534857E+000;174;66
14285000;0;38;1.534857E+000;174;70
14312000;0;38;1.552378E+000;174;70
14338000;0;39;1.569350E+000;174;74
14362000;0;39;1.569350E+000;174;74
14386000;0;40;1.582982E+000;174;78
14409000;0;40;1.598883E+000;174;83
14433000;0;40;1.598883E+000;174;83
14459000;0;40;1.616175E+000;174;87
14486000;0;40;1.616175E+000;174;91
14511000;0;41;1.633765E+000;173;91
14534000;0;41;1.652963E+000;173;96
14561000;0;41;1.652963E+000;173;96
14583000;0;41;1.676066E+000;173;100
14606000;0;41;1.676066E+000;173;104
14633000;0;42;1.699541E+000;172;104
14659000;0;43;1.720024E+000;172;109
14683000;0;43;1.720024E+000;172;109
14706000;0;41;1.738322E+000;171;113
14730000;0;41;1.756689E+000;170;118
14756000;0;42;1.756689E+000;170;118
14781000;0;41;1.777416E+000;169;122
14805000;0;41;1.777416E+000;169;122
14827000;0;40;1.797334E+000;168;127
14852000;0;40;1.817204E+000;167;131
14878000;0;41;1.817204E+000;167;131
14905000;2;39;1.833233E+000;166;135
14929000;2;39;1.833233E+000;166;139
14951000;4;39;1.848575E+000;165;139
14974000;4;39;1.866506E+000;164;144
14999000;9;44;1.866506E+000;164;144
15025000;6;29;1.881789E+000;162;149
15048000;6;29;1.881789E+000;162;149
15072000;9;35;1.897696E+000;161;153
15095000;9;34;1.908441E+000;159;157
15119000;10;34;1.908441E+000;159;157
15146000;8;31;1.917205E+000;158;162
15170000;8;31;1.917205E+000;158;165
15193000;8;29;1.932009E+000;156;165
15217000;8;26;1.942509E+000;155;169
15241000;5;26;1.942509E+000;155;169
15267000;4;24;1.951737E+000;154;172
15291000;4;24;1.951737E+000;154;175
15314000;4;22;1.964767E+000;152;175
15338000;4;19;1.972013E+000;151;178
15364000;3;19;1.972013E+000;151;178
15388000;1;17;1.982645E+000;150;180
15411000;1;17;1.982645E+000;150;182
15436000;1;15;1.994073E+000;150;182
15459000;1;13;2.003965E+000;149;183
15486000;1;13;2.003965E+000;149;183
15511000;0;12;2.011539E+000;148;184
15534000;0;12;2.011539E+000;148;186
15561000;0;9;2.018020E+000;148;186
15586000;0;8;2.022496E+000;147;186
15609000;0;8;2.022496E+000;147;186
15634000;0;6;2.026449E+000;147;187
15657000;0;6;2.029217E+000;147;188
15681000;0;4;2.029217E+000;147;188
15705000;0;3;2.031465E+000;147;188
15729000;0;3;2.031465E+000;147;188
15752000;0;1;2.032680E+000;146;189
15775000;0;1;2.032680E+000;146;189
15801000;0;1;2.033699E+000;146;189
15826000;0;0;2.033858E+000;146;189
15851000;0;0;2.033858E+000;146;189
15874000;0;0;2.034086E+000;146;189
15897000;0;0;2.034086E+000;146;189
15923000;0;0;2.033841E+000;146;189
15948000;0;0;2.033994E+000;146;189
15972000;0;0;2.033994E+000;146;189
15994000;0;0;2.033739E+000;146;189
16018000;0;0;2.033739E+000;146;189
16042000;0;0;2.033886E+000;146;189
16065000;0;0;2.033722E+000;146;189
16091000;0;0;2.033722E+000;146;189
16114000;0;0;2.033862E+000;146;189
16138000;0;0;2.033862E+000;146;189
16164000;0;0;2.033873E+000;146;189
16189000;0;0;2.033997E+000;146;189
16214000;0;0;2.033997E+000;146;189
16237000;0;0;2.033984E+000;146;189
16261000;0;0;2.034089E+000;146;189
16287000;0;0;2.034089E+000;146;189
16313000;0;0;2.034074E+000;146;189
16336000;0;0;2.034074E+000;146;189
16360000;0;0;2.034014E+000;146;189
16383000;0;0;2.033990E+000;146;189
16407000;0;0;2.033990E+000;146;189
16433000;0;0;2.033962E+000;146;189
16456000;0;0;2.033962E+000;146;189
16478000;0;0;2.034035E+000;146;189
16502000;0;0;2.034035E+000;146;189
16527000;0;0;2.034012E+000;146;189
16552000;0;0;2.034052E+000;146;189
16576000;0;0;2.034052E+000;146;189
16600000;0;0;2.034067E+000;146;189
16623000;0;0;2.034121E+000;146;189
16647000;0;0;2.034121E+000;146;189
16673000;0;0;2.034092E+000;146;189
16697000;0;0;2.034092E+000;146;189
16720000;0;0;2.034178E+000;146;189
16744000;0;0;2.034178E+000;146;189
16770000;0;0;2.034145E+000;146;189
16795000;0;0;2.034204E+000;146;189
16818000;0;0;2.034204E+000;146;189
16842000;0;0;2.034091E+000;146;189
16866000;0;0;2.034046E+000;146;189
16889000;0;0;2.034046E+000;146;189
16915000;0;0;2.033882E+000;146;189
16939000;0;0;2.033882E+000;146;189
16961000;0;0;2.033971E+000;146;189
16985000;0;0;2.033971E+000;146;189
17010000;0;0;2.033836E+000;146;189
17036000;0;0;2.033895E+000;146;189
17059000;0;0;2.033895E+000;146;189
17081000;0;0;2.033859E+000;146;189
17107000;0;0;2.033961E+000;146;189
17133000;0;0;2.033961E+000;146;189
17158000;0;0;2.034049E+000;146;189
17181000;0;0;2.034049E+000;146;189
17205000;0;0;2.034037E+000;146;189
17228000;0;0;2.034080E+000;146;189
17255000;0;0;2.034080E+000;146;189
17280000;0;0;2.034097E+000;146;189
17304000;0;0;2.034097E+000;146;189
17327000;0;0;2.034103E+000;146;189
17349000;0;0;2.034134E+000;146;189
17375000;0;0;2.034134E+000;146;189
17400000;0;0;2.034095E+000;146;189
17424000;0;0;2.034095E+000;146;189
17446000;0;0;2.034122E+000;146;189
17470000;0;0;2.034086E+000;146;189
17493000;0;0;2.034086E+000;146;189
17518000;0;0;2.034116E+000;146;189
17543000;0;0;2.034116E+000;146;189
17568000;0;0;2.034103E+000;146;189
17591000;0;0;2.034128E+000;146;189
17615000;0;0;2.034128E+000;146;189
17640000;0;0;2.034116E+000;146;189
17665000;0;0;2.034116E+000;146;189
17688000;0;0;2.034133E+000;146;189
17712000;0;0;2.034158E+000;146;189
17736000;0;0;2.034158E+000;146;189
17762000;0;0;2.034241E+000;146;189
17785000;0;0;2.034241E+000;146;189
17807000;0;0;2.034199E+000;146;189
17830000;0;0;2.034199E+000;146;189
17856000;0;0;2.034243E+000;146;189
17881000;0;0;2.034188E+000;146;189
17904000;0;0;2.034188E+000;146;189
17927000;0;0;2.034178E+000;146;189
17951000;0;0;2.034178E+000;146;189
17975000;0;0;2.034208E+000;146;189
17998000;0;0;2.034225E+000;146;189
18021000;0;0;2.034225E+000;146;189
18047000;0;0;2.034223E+000;146;189
18070000;0;0;2.034223E+000;146;189
18095000;0;0;2.034261E+000;146;189
18118000;0;0;2.034326E+000;146;189
18144000;0;0;2.034326E+000;146;189
18167000;0;0;2.034271E+000;146;189
18190000;0;0;2.034271E+000;146;189
18214000;0;0;2.034448E+000;146;189
18238000;0;0;2.034752E+000;146;189
18264000;0;0;2.034752E+000;146;189
18287000;0;0;2.034921E+000;146;189
18311000;0;0;2.034921E+000;146;189
18334000;0;0;2.034922E+000;146;189
18358000;0;0;2.035016E+000;146;189
18382000;0;0;2.035016E+000;146;189
18408000;0;0;2.034966E+000;146;189
18431000;0;0;2.034966E+000;146;189
18455000;0;0;2.035026E+000;146;189
18479000;0;0;2.035077E+000;146;189
18502000;0;0;2.035077E+000;146;189
18527000;0;0;2.035092E+000;146;189
18551000;0;0;2.035092E+000;146;189
18575000;0;0;2.035127E+000;146;189
18598000;0;0;2.035155E+000;146;189
18624000;0;0;2.035155E+000;146;189
18648000;0;0;2.035049E+000;146;189
18670000;0;0;2.035049E+000;146;189
18692000;0;0;2.034981E+000;146;189
18716000;0;0;2.034981E+000;146;189
18740000;0;0;2.034896E+000;146;189
18764000;0;0;2.034974E+000;146;189
18788000;0;0;2.034974E+000;146;189
18811000;0;0;2.034770E+000;146;189
18834000;0;0;2.034770E+000;146;189
18856000;0;0;2.035024E+000;146;189
18879000;0;0;2.034950E+000;146;189
18904000;0;0;2.034950E+000;146;189
18929000;0;0;2.035063E+000;146;189
18953000;0;0;2.035063E+000;146;189
18976000;0;0;2.034971E+000;146;189
19001000;0;0;2.035007E+000;146;189
19027000;0;0;2.035007E+000;146;189
19053000;0;0;2.034978E+000;146;189
19077000;0;0;2.034978E+000;146;189
19100000;0;0;2.034939E+000;146;189
19124000;0;0;2.034945E+000;146;189
19150000;0;0;2.034945E+000;146;189
19173000;0;0;2.034954E+000;146;189
19197000;0;0;2.034954E+000;146;189
19221000;0;0;2.034997E+000;146;189
19244000;0;0;2.034996E+000;146;189
19270000;0;0;2.034996E+000;146;189
19295000;0;0;2.035015E+000;146;189
19319000;0;0;2.035015E+000;146;189
19343000;0;0;2.034984E+000;146;189
19366000;0;0;2.035020E+000;146;189
19390000;0;0;2.035020E+000;146;189
19416000;0;0;2.035021E+000;146;189
19439000;0;0;2.035021E+000;146;189
19463000;0;0;2.035030E+000;146;189
19486000;0;0;2.035020E+000;146;189
19513000;0;0;2.035020E+000;146;189
19536000;0;0;2.035015E+000;146;189
19559000;0;0;2.035015E+000;146;189
19583000;0;0;2.035011E+000;146;189
19608000;0;0;2.034985E+000;146;189
19634000;0;0;2.034985E+000;146;189
19657000;0;0;2.034986E+000;146;189
19681000;0;0;2.034986E+000;146;189
19705000;0;0;2.034995E+000;146;189
19728000;0;0;2.035004E+000;146;189
19752000;0;0;2.035004E+000;146;189
19777000;0;0;2.035012E+000;146;189
19801000;0;0;2.035012E+000;146;189
19823000;0;0;2.035005E+000;146;189
19847000;0;0;2.035017E+000;146;189
19873000;0;0;2.035017E+000;146;189
19898000;0;0;2.035023E+000;146;189
19921000;0;0;2.035023E+000;146;189
19945000;0;0;2.035029E+000;146;189
19969000;0;0;2.035025E+000;146;189
19995000;0;0;2.035025E+000;146;189
20020000;0;0;2.035036E+000;146;189
20044000;0;0;2.035036E+000;146;189
20068000;0;0;2.035040E+000;146;189
20091000;0;0;2.035043E+000;146;189
20115000;0;0;2.035043E+000;146;189
20141000;0;0;2.035039E+000;146;189
20164000;0;0;2.035039E+000;146;189
20187000;0;0;2.035032E+000;146;189
20210000;0;0;2.035038E+000;146;189
20236000;0;0;2.035038E+000;146;189
20261000;0;0;2.035031E+000;146;189
20284000;0;0;2.035031E+000;146;189
20306000;0;0;2.035026E+000;146;189
20330000;0;0;2.035040E+000;146;189
20356000;0;0;2.035040E+000;146;189
20381000;0;0;2.035028E+000;146;189
20405000;0;0;2.035028E+000;146;189
20429000;0;0;2.035026E+000;146;189
20453000;0;0;2.035033E+000;146;189
20479000;0;0;2.035033E+000;146;189
20504000;0;0;2.035012E+000;146;189
20528000;0;0;2.035012E+000;146;189
20552000;0;0;2.035005E+000;146;189
20575000;0;0;2.035014E+000;146;189
20601000;0;0;2.035014E+000;146;189
20626000;0;0;2.035028E+000;146;189
20650000;0;0;2.035028E+000;146;189
20676000;0;0;2.035023E+000;146;189
20701000;0;0;2.035040E+000;146;189
20724000;0;0;2.035040E+000;146;189
20748000;0;0;2.035055E+000;146;189
20771000;0;0;2.035055E+000;146;189
20796000;0;0;2.035032E+000;146;189
20821000;0;0;2.035102E+000;146;189
20843000;0;0;2.035102E+000;146;189
20867000;0;0;2.035097E+000;146;189
20890000;0;0;2.035097E+000;146;189
20914000;0;0;2.035181E+000;146;189
20937000;0;0;2.035139E+000;146;189
20963000;0;0;2.035139E+000;146;189
20985000;0;0;2.035169E+000;146;189
21008000;0;0;2.035169E+000;146;189
21031000;0;0;2.035157E+000;146;189
21055000;0;0;2.035166E+000;146;189
21081000;0;0;2.035166E+000;146;189
21106000;0;0;2.035169E+000;146;189
21130000;0;0;2.035169E+000;146;189
21154000;0;0;2.035186E+000;146;189
21178000;0;0;2.035190E+000;146;189
21202000;0;0;2.035190E+000;146;189
21226000;0;0;2.035185E+000;146;189
21250000;0;0;2.035185E+000;146;189
21272000;0;0;2.035173E+000;146;189
21296000;0;0;2.035152E+000;146;189
21322000;0;0;2.035152E+000;146;189
21347000;0;0;2.035172E+000;146;189
21371000;0;0;2.035172E+000;146;189
21394000;0;0;2.035170E+000;146;189
21418000;0;0;2.035174E+000;146;189
21442000;0;0;2.035174E+000;146;189
21468000;0;0;2.035161E+000;146;189
21491000;0;0;2.035161E+000;146;189
21515000;0;0;2.035176E+000;146;189
21539000;0;0;2.035163E+000;146;189
21562000;0;0;2.035163E+000;146;189
21588000;0;0;2.035175E+000;146;189
21612000;0;0;2.035175E+000;146;189
21636000;0;0;2.035170E+000;146;189
21661000;0;0;2.035176E+000;146;189
21684000;0;0;2.035176E+000;146;189
21709000;0;0;2.035169E+000;146;189
21733000;0;0;2.035169E+000;146;189
21756000;0;0;2.035175E+000;146;189
21779000;0;0;2.035175E+000;146;189
21803000;0;0;2.035182E+000;146;189
21828000;0;0;2.035193E+000;146;189
21853000;0;0;2.035193E+000;146;189
21878000;0;0;2.035202E+000;146;189
21901000;0;0;2.035208E+000;146;189
21925000;0;0;2.035208E+000;146;189
21951000;0;0;2.035206E+000;146;189
21974000;0;0;2.035206E+000;146;189
21998000;0;0;2.035234E+000;146;189
22021000;0;0;2.035240E+000;146;189
22047000;0;0;2.035240E+000;146;189
22072000;0;0;2.035230E+000;146;189
22096000;0;0;2.035230E+000;146;189
22118000;0;0;2.035228E+000;146;189
22142000;0;0;2.035228E+000;146;189
22165000;0;0;2.035237E+000;146;189
22190000;0;0;2.035246E+000;146;189
22215000;0;0;2.035246E+000;146;189
22240000;0;0;2.035250E+000;146;189
22263000;0;0;2.035267E+000;146;189
22287000;0;0;2.035267E+000;146;189
22314000;0;0;2.035275E+000;146;189
22338000;0;0;2.035275E+000;146;189
22361000;0;0;2.035284E+000;146;189
22385000;0;0;2.035280E+000;146;189
22409000;0;0;2.035280E+000;146;189
22435000;0;0;2.035289E+000;146;189
22458000;0;0;2.035289E+000;146;189
22482000;0;0;2.035306E+000;146;189
362440000;0;0;2.041429E+000;146;189
362464000;0;0;2.041438E+000;146;189
362487000;0;0;2.041438E+000;146;189
362512000;0;0;2.041442E+000;146;189
362536000;0;0;2.041442E+000;146;189
362558000;0;0;2.041445E+000;146;189
362583000;0;0;2.041444E+000;146;189
362607000;0;0;2.041444E+000;146;189
362632000;0;0;2.041445E+000;146;189
362656000;0;0;2.041445E+000;146;189
362679000;0;0;2.041456E+000;146;189
362702000;0;0;2.041456E+000;146;189
362727000;0;0;2.041451E+000;146;189
362750000;0;0;2.041452E+000;146;189
362774000;0;0;2.041452E+000;146;189
362798000;0;0;2.041443E+000;146;189
362821000;0;0;2.041443E+000;146;189
362845000;0;0;2.041438E+000;146;189
362870000;0;0;2.041447E+000;146;189
362896000;0;0;2.041447E+000;146;189
362920000;0;0;2.041442E+000;146;189
362943000;0;0;2.041442E+000;146;189
362968000;0;0;2.041438E+000;146;189
362992000;0;0;2.041439E+000;146;189
363015000;0;0;2.041439E+000;146;189
363039000;0;0;2.041440E+000;146;189
363062000;0;0;2.041440E+000;146;189
363085000;0;0;2.041454E+000;146;189
363108000;0;0;2.041460E+000;146;189
363134000;0;0;2.041460E+000;146;189
363159000;0;0;2.041443E+000;146;189
363183000;0;0;2.041443E+000;146;189
363207000;0;0;2.041430E+000;146;189
363230000;0;0;2.041426E+000;146;189
363254000;0;0;2.041426E+000;146;189
363279000;0;0;2.041429E+000;146;189
363303000;0;0;2.041429E+000;146;189
363327000;0;0;2.041430E+000;146;189
363351000;0;0;2.041436E+000;146;189
363377000;0;0;2.041436E+000;146;189
363402000;0;0;2.041443E+000;146;189
363426000;0;0;2.041443E+000;146;189
363450000;0;0;2.041428E+000;146;189
363473000;0;0;2.041418E+000;146;189
363499000;0;0;2.041418E+000;146;189
363523000;0;0;2.041419E+000;146;189
363546000;0;0;2.041419E+000;146;189
363568000;0;0;2.041412E+000;146;189
363592000;0;0;2.041410E+000;146;189
363618000;0;0;2.041410E+000;146;189
363643000;0;0;2.041403E+000;146;189
363667000;0;0;2.041403E+000;146;189
363691000;0;0;2.041398E+000;146;189
363714000;0;0;2.041397E+000;146;189
363738000;0;0;2.041397E+000;146;189
363764000;0;0;2.041395E+000;146;189
363787000;0;0;2.041395E+000;146;189
363811000;0;0;2.041393E+000;146;189
363835000;0;0;2.041392E+000;146;189
363861000;0;0;2.041392E+000;146;189
363886000;0;0;2.041387E+000;146;189
363909000;0;0;2.041387E+000;146;189
363931000;0;0;2.041391E+000;146;189
363955000;0;0;2.041397E+000;146;189
363978000;0;0;2.041397E+000;146;189
364003000;0;0;2.041390E+000;146;189
364027000;0;0;2.041390E+000;146;189
364049000;0;0;2.041399E+000;146;189
364072000;0;0;2.041399E+000;146;189
364098000;0;0;2.041399E+000;146;189
364123000;0;0;2.041392E+000;146;189
364145000;0;0;2.041392E+000;146;189
364169000;0;0;2.041375E+000;146;189
364192000;0;0;2.041375E+000;146;189
364219000;0;0;2.041378E+000;146;189
364244000;0;0;2.041379E+000;146;189
364267000;0;0;2.041379E+000;146;189
364291000;0;0;2.041383E+000;146;189
364315000;0;0;2.041381E+000;146;189
364341000;0;0;2.041381E+000;146;189
364366000;0;0;2.041374E+000;146;189
364390000;0;0;2.041374E+000;146;189
364414000;0;0;2.041359E+000;146;189
364437000;0;0;2.041360E+000;146;189
364463000;0;0;2.041360E+000;146;189
364488000;0;0;2.041361E+000;146;189
364512000;0;0;2.041361E+000;146;189
364536000;0;0;2.041364E+000;146;189
364559000;0;0;2.041352E+000;146;189
364585000;0;0;2.041352E+000;146;189
364609000;0;0;2.041353E+000;146;189
364633000;0;0;2.041353E+000;146;189
364657000;0;0;2.041351E+000;146;189
364680000;0;0;2.041360E+000;146;189
364704000;0;0;2.041360E+000;146;189
364729000;0;0;2.041358E+000;146;189
364753000;0;0;2.041358E+000;146;189
364777000;0;0;2.041357E+000;146;189
364800000;0;0;2.041347E+000;146;189
364824000;0;0;2.041347E+000;146;189
364848000;0;0;2.041335E+000;146;189
364870000;0;0;2.041335E+000;146;189
364894000;0;0;2.041336E+000;146;189
364918000;0;0;2.041336E+000;146;189
364942000;0;0;2.041321E+000;146;189
364966000;0;0;2.041332E+000;146;189
364992000;0;0;2.041332E+000;146;189
365016000;0;0;2.041333E+000;146;189
365039000;0;0;2.041333E+000;146;189
365065000;0;0;2.041342E+000;146;189
365090000;0;0;2.041345E+000;146;189
365114000;0;0;2.041345E+000;146;189
365137000;0;0;2.041344E+000;146;189
365161000;0;0;2.041342E+000;146;189
365185000;0;0;2.041342E+000;146;189
365210000;0;0;2.041340E+000;146;189
365232000;0;0;2.041340E+000;146;189
365256000;0;0;2.041339E+000;146;189
365279000;0;0;2.041339E+000;146;189
365303000;0;0;2.041340E+000;146;189
365327000;0;0;2.041332E+000;146;189
365351000;0;0;2.041332E+000;146;189
365374000;0;0;2.041331E+000;146;189
365397000;0;0;2.041331E+000;146;189
365421000;0;0;2.041337E+000;146;189
365445000;0;0;2.041319E+000;146;189
365471000;0;0;2.041319E+000;146;189
365496000;0;0;2.041315E+000;146;189
365520000;0;0;2.041315E+000;146;189
365544000;0;0;2.041324E+000;146;189
365567000;0;0;2.041325E+000;146;189
365593000;0;0;2.041325E+000;146;189
365616000;0;0;2.041323E+000;146;189
365640000;0;0;2.041323E+000;146;189
365662000;0;0;2.041318E+000;146;189
365686000;0;0;2.041309E+000;146;189
365709000;0;0;2.041309E+000;146;189
365734000;0;0;2.041304E+000;146;189
365758000;0;0;2.041304E+000;146;189
365780000;0;0;2.041300E+000;146;189
365804000;0;0;2.041300E+000;146;189
365828000;0;0;2.041301E+000;146;189
365852000;0;0;2.041275E+000;146;189
365877000;0;0;2.041275E+000;146;189
365901000;0;0;2.041265E+000;146;189
365924000;0;0;2.041265E+000;146;189
365952000;0;0;2.041266E+000;146;189
365977000;0;0;2.041259E+000;146;189
366001000;0;0;2.041259E+000;146;189
366026000;0;0;2.041268E+000;146;189
366049000;0;0;2.041274E+000;146;189
366075000;0;0;2.041274E+000;146;189
366100000;0;0;2.041275E+000;146;189
366124000;0;0;2.041275E+000;146;189
366148000;0;0;2.041254E+000;146;189
366171000;0;0;2.041255E+000;146;189
366197000;0;0;2.041255E+000;146;189
366220000;0;0;2.041256E+000;146;189
366244000;0;0;2.041256E+000;146;189
366268000;0;0;2.041257E+000;146;189
366291000;0;0;2.041247E+000;146;189
366318000;0;0;2.041247E+000;146;189
366343000;0;0;2.041251E+000;146;189
366366000;0;0;2.041251E+000;146;189
366388000;0;0;2.041249E+000;146;189
366412000;0;0;2.041245E+000;146;189
366438000;0;0;2.041245E+000;146;189
366464000;0;0;2.041243E+000;146;189
366487000;0;0;2.041243E+000;146;189
366511000;0;0;2.041249E+000;146;189
366534000;0;0;2.041245E+000;146;189
366558000;0;0;2.041245E+000;146;189
366584000;0;0;2.041235E+000;146;189
366607000;0;0;2.041235E+000;146;189
366629000;0;0;2.041225E+000;146;189
366653000;0;0;2.041234E+000;146;189
366679000;0;0;2.041234E+000;146;189
366704000;0;0;2.041235E+000;146;189
366727000;0;0;2.041235E+000;146;189
366751000;0;0;2.041236E+000;146;189
366774000;0;0;2.041231E+000;146;189
366798000;0;0;2.041231E+000;146;189
366824000;0;0;2.041216E+000;146;189
366847000;0;0;2.041216E+000;146;189
366871000;0;0;2.041220E+000;146;189
366894000;0;0;2.041226E+000;146;189
366919000;0;0;2.041226E+000;146;189
366944000;0;0;2.041232E+000;146;189
366969000;0;0;2.041232E+000;146;189
366993000;0;0;2.041217E+000;146;189
367016000;0;0;2.041224E+000;146;189
367043000;0;0;2.041224E+000;146;189
367066000;0;0;2.041214E+000;146;189
367089000;0;0;2.041214E+000;146;189
367112000;0;0;2.041217E+000;146;189
367135000;0;0;2.041221E+000;146;189
367161000;0;0;2.041221E+000;146;189
367185000;0;0;2.041216E+000;146;189
367209000;0;0;2.041216E+000;146;189
367231000;0;0;2.041231E+000;146;189
367255000;0;0;2.041231E+000;146;189
367281000;0;0;2.041221E+000;146;189
367306000;0;0;2.041216E+000;146;189
367329000;0;0;2.041216E+000;146;189
367353000;0;0;2.041212E+000;146;189
367377000;0;0;2.041210E+000;146;189
367403000;0;0;2.041210E+000;146;189
367429000;0;0;2.041219E+000;146;189
367452000;0;0;2.041219E+000;146;189
367476000;0;0;2.041207E+000;146;189
367500000;0;0;2.041208E+000;146;189
367523000;0;0;2.041208E+000;146;189
367548000;0;0;2.041203E+000;146;189
367572000;0;0;2.041203E+000;146;189
367594000;0;0;2.041198E+000;146;189
367620000;0;0;2.041194E+000;146;189
367644000;0;0;2.041194E+000;146;189
367669000;0;0;2.041198E+000;146;189
367692000;0;0;2.041198E+000;146;189
367714000;0;0;2.041198E+000;146;189
367738000;0;0;2.041198E+000;146;189
367762000;0;0;2.041199E+000;146;189
367785000;0;0;2.041198E+000;146;189
367811000;0;0;2.041198E+000;146;189
367834000;0;0;2.041185E+000;146;189
367858000;0;0;2.041185E+000;146;189
367884000;0;0;2.041186E+000;146;189
367909000;0;0;2.041187E+000;146;189
367931000;0;0;2.041187E+000;146;189
367955000;0;0;2.041183E+000;146;189
367978000;0;0;2.041183E+000;146;189
368005000;0;0;2.041184E+000;146;189
368031000;0;0;2.041185E+000;146;189
368055000;0;0;2.041185E+000;146;189
368078000;0;0;2.041188E+000;146;189
368102000;0;0;2.041184E+000;146;189
368125000;0;0;2.041184E+000;146;189
368151000;0;0;2.041177E+000;146;189
368175000;0;0;2.041177E+000;146;189
368198000;0;0;2.041175E+000;146;189
368221000;0;0;2.041175E+000;146;189
368246000;0;0;2.041168E+000;146;189
368271000;0;0;2.041174E+000;146;189
368295000;0;0;2.041174E+000;146;189
368318000;0;0;2.041162E+000;146;189
368342000;0;0;2.041162E+000;146;189
368368000;0;0;2.041170E+000;146;189
368393000;0;0;2.041166E+000;146;189
368415000;0;0;2.041166E+000;146;189
368440000;0;0;2.041169E+000;146;189
368464000;0;0;2.041169E+000;146;189
368487000;0;0;2.041170E+000;146;189
368513000;0;0;2.041169E+000;146;189
368537000;0;0;2.041169E+000;146;189
368560000;0;0;2.041162E+000;146;189
368584000;0;0;2.041162E+000;146;189
368611000;0;0;2.041165E+000;146;189
368636000;0;0;2.041158E+000;146;189
368658000;0;0;2.041158E+000;146;189
368680000;0;0;2.041156E+000;146;189
368704000;0;0;2.041156E+000;146;189
368728000;0;0;2.041152E+000;146;189
368752000;0;0;2.041153E+000;146;189
368775000;0;0;2.041153E+000;146;189
368799000;0;0;2.041162E+000;146;189
368822000;0;0;2.041162E+000;146;189
368845000;0;0;2.041162E+000;146;189
368869000;0;0;2.041145E+000;146;189
368895000;0;0;2.041145E+000;146;189
368920000;0;0;2.041154E+000;146;189
368944000;0;0;2.041154E+000;146;189
368967000;0;0;2.041152E+000;146;189
368991000;0;0;2.041150E+000;146;189
369019000;0;0;2.041150E+000;146;189
369042000;0;0;2.041157E+000;146;189
369066000;0;0;2.041157E+000;146;189
369089000;0;0;2.041163E+000;146;189
369113000;0;0;2.041150E+000;146;189
369139000;0;0;2.041150E+000;146;189
369162000;0;0;2.041162E+000;146;189
369186000;0;0;2.041162E+000;146;189
369208000;0;0;2.041155E+000;146;189
369232000;0;0;2.041156E+000;146;189
369257000;0;0;2.041156E+000;146;189
369282000;0;0;2.041143E+000;146;189
369306000;0;0;2.041143E+000;146;189
369330000;0;0;2.041152E+000;146;189
369354000;0;0;2.041145E+000;146;189
369380000;0;0;2.041145E+000;146;189
369403000;0;0;2.041148E+000;146;189
369426000;0;0;2.041148E+000;146;189
369448000;0;0;2.041149E+000;146;189
369472000;0;0;2.041148E+000;146;189
369497000;0;0;2.041148E+000;146;189
369523000;0;0;2.041154E+000;146;189
369546000;0;0;2.041154E+000;146;189
369570000;0;0;2.041160E+000;146;189
369594000;0;0;2.041158E+000;146;189
369617000;0;0;2.041158E+000;146;189
369643000;0;0;2.041167E+000;146;189
369666000;0;0;2.041167E+000;146;189
369691000;0;0;2.041166E+000;146;189
369714000;0;0;2.041183E+000;146;189
369740000;0;0;2.041183E+000;146;189
369765000;0;0;2.041173E+000;146;189
369788000;0;0;2.041173E+000;146;189
369813000;0;0;2.041171E+000;146;189
369836000;0;0;2.041169E+000;146;189
369860000;0;0;2.041169E+000;146;189
369885000;0;0;2.041165E+000;146;189
369909000;0;0;2.041165E+000;146;189
369933000;0;0;2.041174E+000;146;189
369956000;0;0;2.041180E+000;146;189
369980000;0;0;2.041180E+000;146;189
370006000;0;0;2.041183E+000;146;189
370031000;0;0;2.041183E+000;146;189
370055000;0;0;2.041174E+000;146;189
370078000;0;0;2.041177E+000;146;189
370104000;0;0;2.041177E+000;146;189
370128000;0;0;2.041170E+000;146;189
370152000;0;0;2.041170E+000;146;189
370174000;0;0;2.041171E+000;146;189
370198000;0;0;2.041159E+000;146;189
370222000;0;0;2.041159E+000;146;189
370248000;0;0;2.041152E+000;146;189
370271000;0;0;2.041152E+000;146;189
370295000;0;0;2.041155E+000;146;189
370318000;0;0;2.041156E+000;146;189
370345000;0;0;2.041156E+000;146;189
370370000;0;0;2.041133E+000;146;189
370393000;0;0;2.041133E+000;146;189
370415000;0;0;2.041137E+000;146;189
370439000;0;0;2.041140E+000;146;189
370465000;0;0;2.041140E+000;146;189
370490000;0;0;2.041136E+000;146;189
370514000;0;0;2.041136E+000;146;189
370537000;0;0;2.041144E+000;146;189
370561000;0;0;2.041143E+000;146;189
370587000;0;0;2.041143E+000;146;189
370612000;0;0;2.041144E+000;146;189
370636000;0;0;2.041144E+000;146;189
370660000;0;0;2.041142E+000;146;189
370683000;0;0;2.041132E+000;146;189
370707000;0;0;2.041132E+000;146;189
370732000;0;0;2.041136E+000;146;189
370756000;0;0;2.041136E+000;146;189
370778000;0;0;2.041137E+000;146;189
370802000;0;0;2.041138E+000;146;189
370828000;0;0;2.041138E+000;146;189
370853000;0;0;2.041136E+000;146;189
370876000;0;0;2.041136E+000;146;189
370900000;0;0;2.041129E+000;146;189
370923000;0;0;2.041122E+000;146;189
370947000;0;0;2.041122E+000;146;189
370973000;0;0;2.041123E+000;146;189
370997000;0;0;2.041123E+000;146;189
371020000;0;0;2.041126E+000;146;189
371045000;0;0;2.041130E+000;146;189
371069000;0;0;2.041130E+000;146;189
371095000;0;0;2.041136E+000;146;189
371118000;0;0;2.041136E+000;146;189
371140000;0;0;2.041140E+000;146;189
371164000;0;0;2.041135E+000;146;189
371190000;0;0;2.041135E+000;146;189
371214000;0;0;2.041125E+000;146;189
371238000;0;0;2.041125E+000;146;189
371260000;0;0;2.041116E+000;146;189
371284000;0;0;2.041122E+000;146;189
371310000;0;0;2.041122E+000;146;189
371334000;0;0;2.041128E+000;146;189
371356000;0;0;2.041128E+000;146;189
371380000;0;0;2.041129E+000;146;189
371403000;0;0;2.041129E+000;146;189
371427000;0;0;2.041124E+000;146;189
371451000;0;0;2.041133E+000;146;189
371475000;0;0;2.041133E+000;146;189
371498000;0;0;2.041139E+000;146;189
371520000;0;0;2.041139E+000;146;189
371544000;0;0;2.041138E+000;146;189
371567000;0;0;2.041136E+000;146;189
371591000;0;0;2.041136E+000;146;189
371619000;0;0;2.041129E+000;146;189
371642000;0;0;2.041129E+000;146;189
371666000;0;0;2.041119E+000;146;189
371690000;0;0;2.041125E+000;146;189
371716000;0;0;2.041125E+000;146;189
371741000;0;0;2.041137E+000;146;189
371763000;0;0;2.041137E+000;146;189
371785000;0;0;2.041140E+000;146;189
371809000;0;0;2.041133E+000;146;189
371835000;0;0;2.041133E+000;146;189
371860000;0;0;2.041129E+000;146;189
371883000;0;0;2.041129E+000;146;189
371905000;0;0;2.041127E+000;146;189
371929000;0;0;2.041117E+000;146;189
371953000;0;0;2.041117E+000;146;189
371978000;0;0;2.041123E+000;146;189
372000000;0;0;2.041123E+000;146;189
372024000;0;0;2.041119E+000;146;189
372047000;0;0;2.041119E+000;146;189
372075000;0;0;2.041122E+000;146;189
372101000;0;0;2.041118E+000;146;189
372124000;0;0;2.041118E+000;146;189
372148000;0;0;2.041124E+000;146;189
372171000;0;0;2.041125E+000;146;189
372195000;0;0;2.041125E+000;146;189
372221000;0;0;2.041129E+000;146;189
372245000;0;0;2.041129E+000;146;189
372269000;0;0;2.041127E+000;146;189
372292000;0;0;2.041131E+000;146;189
372316000;0;0;2.041131E+000;146;189
372341000;0;0;2.041145E+000;146;189
372364000;0;0;2.041145E+000;146;189
372389000;0;0;2.041148E+000;146;189
372412000;0;0;2.041147E+000;146;189
372436000;0;0;2.041147E+000;146;189
372461000;0;0;2.041129E+000;146;189
372484000;0;0;2.041129E+000;146;189
372507000;0;0;2.041135E+000;146;189
372530000;0;0;2.041135E+000;146;189
372555000;0;0;2.041136E+000;146;189
372578000;0;0;2.041126E+000;146;189
372602000;0;0;2.041126E+000;146;189
372625000;0;0;2.041125E+000;146;189
372649000;0;0;2.041125E+000;146;189
372673000;0;0;2.041131E+000;146;189
372697000;0;0;2.041121E+000;146;189
372723000;0;0;2.041121E+000;146;189
372746000;0;0;2.041125E+000;146;189
372770000;0;0;2.041125E+000;146;189
372793000;0;0;2.041128E+000;146;189
372817000;0;0;2.041135E+000;146;189
372843000;0;0;2.041135E+000;146;189
372868000;0;0;2.041127E+000;146;189
372892000;0;0;2.041127E+000;146;189
372914000;0;0;2.041120E+000;146;189
372937000;0;0;2.041121E+000;146;189
372963000;0;0;2.041121E+000;146;189
372988000;0;0;2.041125E+000;146;189
373011000;0;0;2.041125E+000;146;189
373034000;0;0;2.041123E+000;146;189
373057000;0;0;2.041127E+000;146;189
373082000;0;0;2.041127E+000;146;189
373109000;0;0;2.041130E+000;146;189
373132000;0;0;2.041130E+000;146;189
373156000;0;0;2.041131E+000;146;189
373180000;0;0;2.041132E+000;146;189
373206000;0;0;2.041132E+000;146;189
373232000;0;0;2.041122E+000;146;189
373255000;0;0;2.041122E+000;146;189
373279000;0;0;2.041110E+000;146;189
373302000;0;0;2.041108E+000;146;189
373326000;0;0;2.041108E+000;146;189
373352000;0;0;2.041096E+000;146;189
373375000;0;0;2.041096E+000;146;189
373399000;0;0;2.041091E+000;146;189
373423000;0;0;2.041095E+000;146;189
373446000;0;0;2.041095E+000;146;189
373471000;0;0;2.041101E+000;146;189
373493000;0;0;2.041101E+000;146;189
373517000;0;0;2.041107E+000;146;189
373541000;0;0;2.041111E+000;146;189
373567000;0;0;2.041111E+000;146;189
373595000;0;0;2.041122E+000;146;189
373618000;0;0;2.041122E+000;146;189
373642000;-2;2;2.041129E+000;146;189
373665000;-7;7;2.043762E+000;146;189
373692000;-7;7;2.043762E+000;146;189
373716000;-9;10;2.051460E+000;146;189
373739000;-9;10;2.051460E+000;146;189
373766000;-13;13;2.062452E+000;146;189
373791000;-14;16;2.078084E+000;146;189
373813000;-14;16;2.078084E+000;146;189
373837000;-16;19;2.090252E+000;146;189
373860000;-16;19;2.090252E+000;146;189
373885000;-17;20;2.106100E+000;146;189
373906000;-17;23;2.126092E+000;146;190
373932000;-19;23;2.126092E+000;146;190
373955000;-20;24;2.147235E+000;146;190
373979000;-20;24;2.147235E+000;146;190
374001000;-22;26;2.168990E+000;145;190
374025000;-22;26;2.191927E+000;145;191
374049000;-23;27;2.191927E+000;145;191
374075000;-24;28;2.213725E+000;145;191
374098000;-24;28;2.213725E+000;145;191
374123000;-25;29;2.237201E+000;145;191
374146000;-25;30;2.263238E+000;144;192
374170000;-25;30;2.263238E+000;144;192
374196000;-25;31;2.289090E+000;144;192
374219000;-25;31;2.289090E+000;144;192
374241000;-26;32;2.315836E+000;144;193
374265000;-26;32;2.341538E+000;143;193
374291000;-25;32;2.341538E+000;143;193
374316000;-27;33;2.364662E+000;143;194
374339000;-27;33;2.364662E+000;143;194
374362000;-28;33;2.391141E+000;142;194
374385000;-28;33;2.415485E+000;142;194
374409000;-27;33;2.415485E+000;142;194
374436000;-28;34;2.443222E+000;141;195
374459000;-28;34;2.443222E+000;141;195
374484000;-27;34;2.469521E+000;141;195
374507000;-27;34;2.496986E+000;140;196
374533000;-32;41;2.496986E+000;140;196
374558000;-21;26;2.523428E+000;139;196
374582000;-21;26;2.523428E+000;139;196
374605000;-27;34;2.548486E+000;139;196
374630000;-27;34;2.573448E+000;138;197
374655000;-28;34;2.573448E+000;138;197
374681000;-28;34;2.598095E+000;138;197
374704000;-28;34;2.598095E+000;138;197
374728000;-28;35;2.622902E+000;137;198
374751000;-28;33;2.646570E+000;136;198
374775000;-27;33;2.646570E+000;136;198
374801000;-27;34;2.668708E+000;136;198
374824000;-27;34;2.668708E+000;136;198
374846000;-26;34;2.690064E+000;135;199
374870000;-26;34;2.713950E+000;134;199
374894000;-27;34;2.713950E+000;134;199
374919000;-27;34;2.740957E+000;134;199
374944000;-27;34;2.740957E+000;134;199
374967000;-28;34;2.769871E+000;133;200
374991000;-28;34;2.795983E+000;132;200
375017000;-27;33;2.795983E+000;132;200
375042000;-27;34;2.823917E+000;132;200
375066000;-27;34;2.823917E+000;132;200
375088000;-26;33;2.846833E+000;131;200
375112000;-26;33;2.869148E+000;130;200
375137000;-24;34;2.869148E+000;130;200
375163000;-25;33;2.891233E+000;129;201
375186000;-25;33;2.891233E+000;129;201
375208000;-26;33;2.913761E+000;129;201
375232000;-26;33;2.936139E+000;128;201
375258000;-26;33;2.936139E+000;128;201
375283000;-25;32;2.959945E+000;127;201
375307000;-25;32;2.959945E+000;127;201
375331000;-25;33;2.987112E+000;126;201
375354000;-25;33;3.015099E+000;126;201
375378000;-23;32;3.015099E+000;126;201
375404000;-23;33;3.040529E+000;125;202
375428000;-23;33;3.040529E+000;125;202
375452000;-22;33;3.065257E+000;123;202
375477000;-22;32;3.090330E+000;122;202
375503000;-23;32;3.090330E+000;122;202
375526000;-23;39;3.116719E+000;121;202
375551000;-29;39;3.116719E+000;121;202
375575000;-19;26;-3.136976E+000;120;202
375598000;-24;32;-3.111892E+000;120;202
375625000;-24;32;-3.111892E+000;120;202
375648000;-23;33;-3.087836E+000;119;202
375670000;-23;33;-3.087836E+000;119;202
375694000;-24;31;-3.060685E+000;118;202
375717000;-24;32;-3.036874E+000;117;202
375744000;-22;32;-3.036874E+000;117;202
375769000;-22;32;-3.010043E+000;116;201
375792000;-22;32;-3.010043E+000;116;201
375815000;-23;32;-2.986413E+000;115;201
375838000;-23;31;-2.964641E+000;114;201
375863000;-22;31;-2.964641E+000;114;201
375890000;-23;31;-2.945203E+000;113;201
375914000;-23;31;-2.945203E+000;113;201
375936000;-23;32;-2.928338E+000;112;201
375960000;-23;31;-2.910013E+000;111;201
375984000;-23;31;-2.910013E+000;111;201
376011000;-21;30;-2.890037E+000;110;200
376034000;-21;30;-2.890037E+000;110;200
376056000;-21;31;-2.871850E+000;109;200
376080000;-21;31;-2.850878E+000;108;200
376104000;-20;30;-2.850878E+000;108;200
376130000;-20;30;-2.828164E+000;107;199
376155000;-20;30;-2.828164E+000;107;199
376178000;-19;30;-2.806654E+000;106;199
376201000;-19;30;-2.786518E+000;105;199
376225000;-19;30;-2.786518E+000;105;199
376251000;-21;29;-2.761908E+000;104;198
376275000;-21;29;-2.761908E+000;104;198
376297000;-20;30;-2.735775E+000;103;198
376321000;-20;30;-2.711346E+000;102;198
376346000;-22;29;-2.711346E+000;102;198
376372000;-21;29;-2.688674E+000;102;197
376395000;-21;29;-2.688674E+000;102;197
376420000;-21;29;-2.666701E+000;101;197
376443000;-21;29;-2.642975E+000;100;196
376471000;-19;29;-2.642975E+000;100;196
376495000;-19;29;-2.620921E+000;99;196
376518000;-19;29;-2.620921E+000;99;195
376542000;-23;34;-2.599001E+000;98;195
376565000;-23;22;-2.576410E+000;97;195
376591000;-14;22;-2.576410E+000;97;195
376615000;-19;28;-2.554511E+000;96;194
376639000;-19;28;-2.554511E+000;96;194
376662000;-19;28;-2.532953E+000;96;194
376685000;-19;28;-2.511927E+000;95;193
376710000;-20;28;-2.511927E+000;95;193
376736000;-20;27;-2.489565E+000;94;193
376760000;-20;27;-2.489565E+000;94;192
376783000;-20;28;-2.467314E+000;94;192
376806000;-20;27;-2.446502E+000;93;192
376833000;-19;27;-2.446502E+000;93;192
376857000;-18;27;-2.425168E+000;92;191
376880000;-18;27;-2.425168E+000;92;190
376903000;-14;28;-2.404845E+000;92;190
376926000;-14;29;-2.383229E+000;90;189
376954000;-11;29;-2.383229E+000;90;189
376978000;-9;29;-2.365825E+000;89;188
377001000;-9;29;-2.365825E+000;89;187
377027000;-7;30;-2.350563E+000;87;187
377055000;-6;30;-2.337075E+000;86;185
377079000;-6;30;-2.337075E+000;86;185
377102000;-3;30;-2.320161E+000;84;183
377126000;-3;30;-2.303067E+000;82;181
377151000;-2;30;-2.303067E+000;82;181
377179000;-1;32;-2.288188E+000;80;179
377203000;-1;32;-2.288188E+000;80;176
377228000;0;32;-2.274428E+000;78;176
377252000;0;32;-2.261574E+000;76;173
377277000;0;32;-2.261574E+000;76;173
377302000;0;33;-2.246439E+000;74;171
377325000;0;33;-2.246439E+000;71;168
377351000;0;35;-2.230948E+000;71;168
377377000;0;37;-2.215105E+000;69;165
377399000;0;37;-2.215105E+000;69;165
377422000;0;38;-2.201356E+000;67;162
377445000;0;38;-2.201356E+000;67;158
377468000;0;38;-2.186563E+000;64;158
377492000;0;39;-2.171199E+000;62;155
377518000;0;39;-2.171199E+000;62;155
377541000;0;48;-2.155543E+000;60;152
377566000;0;48;-2.155543E+000;60;147
377590000;0;31;-2.136755E+000;57;147
377613000;0;39;-2.118797E+000;55;145
377640000;0;39;-2.118797E+000;55;145
377664000;0;40;-2.101495E+000;53;141
377688000;0;40;-2.101495E+000;51;137
377712000;0;40;-2.086057E+000;51;137
377736000;0;41;-2.070912E+000;49;133
377761000;0;41;-2.070912E+000;49;133
377785000;0;40;-2.052997E+000;47;130
377809000;0;40;-2.052997E+000;45;126
377833000;0;40;-2.032819E+000;45;126
377857000;0;39;-2.013652E+000;43;122
377883000;0;39;-2.013652E+000;43;122
377905000;0;40;-1.994342E+000;41;118
377929000;0;40;-1.994342E+000;41;114
377954000;0;39;-1.978510E+000;39;114
377977000;0;39;-1.961373E+000;38;110
378002000;0;39;-1.961373E+000;38;110
378025000;0;38;-1.943224E+000;36;106
378049000;0;38;-1.943224E+000;36;103
378072000;0;39;-1.925964E+000;35;103
378095000;0;38;-1.908976E+000;33;99
378119000;0;38;-1.908976E+000;33;99
378146000;0;39;-1.887530E+000;32;95
378169000;0;39;-1.887530E+000;32;91
378197000;1;37;-1.867804E+000;31;91
378222000;5;37;-1.854577E+000;30;87
378247000;5;37;-1.854577E+000;30;87
378271000;9;36;-1.841935E+000;28;83
378294000;9;36;-1.828345E+000;27;78
378322000;10;34;-1.828345E+000;27;78
378348000;12;34;-1.813248E+000;26;73
378371000;12;34;-1.813248E+000;26;69
378395000;12;34;-1.803142E+000;25;69
378419000;13;32;-1.793217E+000;24;64
378447000;13;32;-1.793217E+000;24;64
378472000;13;32;-1.783351E+000;23;59
378495000;13;32;-1.774837E+000;22;54
378520000;14;29;-1.774837E+000;22;54
378545000;14;29;-1.767038E+000;21;50
378570000;18;33;-1.767038E+000;21;50
378594000;13;19;-1.757195E+000;20;44
378617000;13;19;-1.752117E+000;19;41
378642000;16;22;-1.752117E+000;19;41
378669000;15;20;-1.747687E+000;18;37
378694000;15;20;-1.747687E+000;18;33
378717000;14;17;-1.743053E+000;18;33
378740000;14;16;-1.741049E+000;17;30
378768000;14;16;-1.741049E+000;17;30
378793000;12;14;-1.739094E+000;16;27
378817000;12;14;-1.739094E+000;16;24
378841000;12;12;-1.737666E+000;16;24
378868000;10;11;-1.737239E+000;16;22
378892000;10;11;-1.737239E+000;16;22
378916000;9;9;-1.736196E+000;15;19
378939000;9;9;-1.736347E+000;15;18
378963000;7;7;-1.736347E+000;15;18
378990000;5;6;-1.736482E+000;15;16
379011000;5;6;-1.736482E+000;15;16
379034000;4;5;-1.735859E+000;14;15
379057000;4;5;-1.735859E+000;14;14
379084000;1;4;-1.735266E+000;14;14
379110000;1;-2;-1.733659E+000;14;13
379134000;1;-2;-1.733659E+000;14;13
379157000;3;-3;-1.735544E+000;14;13
379180000;3;-3;-1.739267E+000;14;13
379205000;3;-5;-1.739267E+000;14;13
379232000;4;-7;-1.744081E+000;14;14
379255000;4;-7;-1.744081E+000;14;14
379278000;5;-8;-1.750706E+000;14;14
379302000;5;-8;-1.758068E+000;14;14
379327000;5;-9;-1.758068E+000;14;14
379353000;6;-11;-1.765786E+000;14;15
379377000;6;-11;-1.765786E+000;14;15
379401000;7;-11;-1.776374E+000;15;15
379425000;7;-12;-1.787331E+000;15;16
379450000;7;-12;-1.787331E+000;15;16
379475000;7;-12;-1.799741E+000;15;16
379498000;7;-12;-1.799741E+000;15;17
379523000;9;-12;-1.811099E+000;15;17
379547000;9;-12;-1.823611E+000;15;17
379571000;12;-15;-1.823611E+000;15;17
379596000;8;-9;-1.838926E+000;15;17
379619000;8;-9;-1.838926E+000;15;17
379642000;11;-12;-1.850039E+000;15;17
379665000;11;-12;-1.863766E+000;15;18
379690000;12;-12;-1.863766E+000;15;18
379714000;12;-11;-1.878111E+000;15;18
379738000;12;-11;-1.878111E+000;15;18
379761000;12;-8;-1.891784E+000;15;17
379784000;12;-8;-1.903278E+000;15;17
379810000;13;-7;-1.903278E+000;15;17
379836000;16;-5;-1.915505E+000;15;16
379860000;16;-5;-1.915505E+000;15;16
379883000;17;-4;-1.928159E+000;14;15
379906000;17;-4;-1.940512E+000;14;14
379933000;17;-2;-1.940512E+000;14;14
379959000;18;-1;-1.951307E+000;13;13
379982000;18;-1;-1.951307E+000;13;11
380005000;17;0;-1.961565E+000;13;11
380029000;17;0;-1.970662E+000;12;9
380055000;18;0;-1.970662E+000;12;9
380078000;16;0;-1.979784E+000;11;7
380102000;16;0;-1.979784E+000;11;7
380126000;13;0;-1.987863E+000;10;6
380150000;13;0;-1.994522E+000;10;5
380175000;12;0;-1.994522E+000;10;5
380200000;9;0;-2.000427E+000;9;3
380224000;9;0;-2.000427E+000;9;3
380249000;8;0;-2.004645E+000;9;3
380273000;5;0;-2.008814E+000;9;2
380299000;5;0;-2.008814E+000;9;2
380322000;4;0;-2.011327E+000;8;1
380346000;4;0;-2.011327E+000;8;1
380370000;2;0;-2.013453E+000;8;1
380393000;1;0;-2.014548E+000;8;1
380418000;1;0;-2.014548E+000;8;1
380441000;0;0;-2.014942E+000;8;1
380464000;0;0;-2.014942E+000;8;1
380488000;0;0;-2.014475E+000;8;1
380512000;0;0;-2.014853E+000;8;1
380538000;0;0;-2.014853E+000;8;1
380563000;0;0;-2.014889E+000;8;1
380587000;0;0;-2.014889E+000;8;1
380611000;0;0;-2.015067E+000;8;1
380634000;0;0;-2.014914E+000;8;1
380661000;0;0;-2.014914E+000;8;1
380684000;0;0;-2.014913E+000;8;1
380708000;0;0;-2.014913E+000;8;1
380732000;0;0;-2.014854E+000;8;1
380755000;0;0;-2.014848E+000;8;1
380779000;0;0;-2.014848E+000;8;1
380805000;0;0;-2.014788E+000;8;1
380826000;0;0;-2.014788E+000;8;1
380848000;0;0;-2.014939E+000;8;1
380872000;0;0;-2.014906E+000;8;1
380898000;0;0;-2.014906E+000;8;1
380923000;0;0;-2.015004E+000;8;1
380947000;0;0;-2.015004E+000;8;1
380971000;0;0;-2.014936E+000;8;1
380994000;0;0;-2.015015E+000;8;1
381018000;0;0;-2.015015E+000;8;1
381043000;0;0;-2.014927E+000;8;1
381067000;0;0;-2.014927E+000;8;1
381089000;0;0;-2.014979E+000;8;1
381113000;0;0;-2.014979E+000;8;1
381137000;0;0;-2.014885E+000;8;1
381162000;0;0;-2.015012E+000;8;1
381186000;0;0;-2.015012E+000;8;1
381209000;0;0;-2.015019E+000;8;1
381233000;0;0;-2.015019E+000;8;1
381259000;0;0;-2.015095E+000;8;1
381286000;0;0;-2.015206E+000;8;1
381309000;0;0;-2.015206E+000;8;1
381333000;0;0;-2.015293E+000;8;1
381357000;0;0;-2.015335E+000;8;1
381380000;0;0;-2.015335E+000;8;1
381406000;0;0;-2.015273E+000;8;1
381428000;0;0;-2.015273E+000;8;1
381450000;0;0;-2.015362E+000;8;1
381474000;0;0;-2.015362E+000;8;1
381498000;0;0;-2.015361E+000;8;1
381522000;0;0;-2.015440E+000;8;1
381546000;0;0;-2.015440E+000;8;1
381570000;0;0;-2.015410E+000;8;1
381593000;0;0;-2.015410E+000;8;1
381617000;0;0;-2.015492E+000;8;1
381641000;0;0;-2.015387E+000;8;1
381667000;0;0;-2.015387E+000;8;1
381690000;0;0;-2.015447E+000;8;1
381713000;0;0;-2.015447E+000;8;1
381735000;0;0;-2.015343E+000;8;1
381759000;0;0;-2.015403E+000;8;1
381785000;0;0;-2.015403E+000;8;1
381810000;0;0;-2.015354E+000;8;1
381834000;0;0;-2.015354E+000;8;1
381857000;0;0;-2.015412E+000;8;1
381881000;0;0;-2.015368E+000;8;1
381907000;0;0;-2.015368E+000;8;1
381932000;0;0;-2.015413E+000;8;1
381956000;0;0;-2.015413E+000;8;1
381980000;0;0;-2.015375E+000;8;1
382003000;0;0;-2.015358E+000;8;1
382027000;0;0;-2.015358E+000;8;1
382052000;0;0;-2.015362E+000;8;1
382076000;0;0;-2.015362E+000;8;1
382100000;0;0;-2.015383E+000;8;1
382123000;0;0;-2.015416E+000;8;1
382147000;0;0;-2.015416E+000;8;1
382173000;0;0;-2.015418E+000;8;1
382196000;0;0;-2.015418E+000;8;1
382220000;0;0;-2.015388E+000;8;1
382244000;0;0;-2.015382E+000;8;1
382270000;0;0;-2.015382E+000;8;1
382295000;0;0;-2.015378E+000;8;1
382320000;0;0;-2.015378E+000;8;1
382344000;0;0;-2.015374E+000;8;1
382368000;0;0;-2.015376E+000;8;1
382394000;0;0;-2.015376E+000;8;1
382417000;0;0;-2.015375E+000;8;1
382441000;0;0;-2.015375E+000;8;1
382464000;0;0;-2.015374E+000;8;1
382488000;0;0;-2.015365E+000;8;1
382514000;0;0;-2.015365E+000;8;1
382537000;0;0;-2.015370E+000;8;1
382560000;0;0;-2.015370E+000;8;1
382584000;0;0;-2.015364E+000;8;1
382607000;0;0;-2.015371E+000;8;1
382631000;0;0;-2.015371E+000;8;1
382657000;0;0;-2.015370E+000;8;1
382680000;0;0;-2.015370E+000;8;1
382702000;0;0;-2.015385E+000;8;1
382725000;0;0;-2.015365E+000;8;1
382749000;0;0;-2.015365E+000;8;1
382775000;0;0;-2.015367E+000;8;1
382798000;0;0;-2.015367E+000;8;1
382820000;0;0;-2.015358E+000;8;1
382844000;0;0;-2.015358E+000;8;1
382870000;0;0;-2.015344E+000;8;1
382895000;0;0;-2.015343E+000;8;1
382917000;0;0;-2.015343E+000;8;1
382941000;0;0;-2.015342E+000;8;1
382965000;0;0;-2.015342E+000;8;1
382991000;0;0;-2.015344E+000;8;1
383016000;0;0;-2.015337E+000;8;1
383038000;0;0;-2.015337E+000;8;1
383062000;0;0;-2.015350E+000;8;1
383085000;0;0;-2.015350E+000;8;1
383109000;0;0;-2.015445E+000;8;1
383133000;0;0;-2.015553E+000;8;1
383159000;0;0;-2.015553E+000;8;1
383182000;0;0;-2.015438E+000;8;1
383206000;0;0;-2.015438E+000;8;1
383230000;0;0;-2.015445E+000;8;1
383253000;0;0;-2.015457E+000;8;1
383276000;0;0;-2.015457E+000;8;1
383302000;0;0;-2.015384E+000;8;1
383325000;0;0;-2.015384E+000;8;1
383353000;0;0;-2.015378E+000;8;1
383378000;0;0;-2.015324E+000;8;1
383400000;0;0;-2.015324E+000;8;1
383424000;0;0;-2.015350E+000;8;1
383447000;0;0;-2.015350E+000;8;1
383472000;0;0;-2.015341E+000;8;1
383496000;0;0;-2.015391E+000;8;1
383522000;0;0;-2.015391E+000;8;1
383545000;0;0;-2.015368E+000;8;1
383569000;0;0;-2.015368E+000;8;1
383593000;0;0;-2.015386E+000;8;1
383616000;0;0;-2.015351E+000;8;1
383640000;0;0;-2.015351E+000;8;1
383665000;0;0;-2.015363E+000;8;1
383689000;0;0;-2.015363E+000;8;1
383713000;0;0;-2.015338E+000;8;1
383736000;0;0;-2.015356E+000;8;1
383762000;0;0;-2.015356E+000;8;1
383785000;0;0;-2.015336E+000;8;1
383809000;0;0;-2.015336E+000;8;1
383832000;0;0;-2.015362E+000;8;1
383856000;0;0;-2.015348E+000;8;1
383882000;0;0;-2.015348E+000;8;1
383905000;0;0;-2.015363E+000;8;1
383928000;0;0;-2.015363E+000;8;1
383952000;0;0;-2.015346E+000;8;1
383976000;0;0;-2.015356E+000;8;1
384002000;0;0;-2.015356E+000;8;1
384027000;0;0;-2.015347E+000;8;1
384051000;0;0;-2.015347E+000;8;1
384075000;0;0;-2.015338E+000;8;1
384098000;0;0;-2.015340E+000;8;1
384124000;0;0;-2.015340E+000;8;1
384147000;0;0;-2.015344E+000;8;1
384169000;0;0;-2.015344E+000;8;1
384193000;0;0;-2.015349E+000;8;1
384217000;0;0;-2.015353E+000;8;1
384240000;0;0;-2.015353E+000;8;1
384264000;0;0;-2.015350E+000;8;1
384287000;0;0;-2.015350E+000;8;1
384311000;0;0;-2.015338E+000;8;1
384335000;0;0;-2.015338E+000;8;1
384359000;0;0;-2.015348E+000;8;1
384386000;0;0;-2.015344E+000;8;1
384408000;0;0;-2.015344E+000;8;1
384432000;0;0;-2.015349E+000;8;1
384455000;0;0;-2.015349E+000;8;1
384479000;0;0;-2.015359E+000;8;1
384503000;0;0;-2.015355E+000;8;1
384529000;0;0;-2.015355E+000;8;1
384552000;0;0;-2.015352E+000;8;1
384576000;0;0;-2.015352E+000;8;1
384602000;0;0;-2.015356E+000;8;1
384628000;0;0;-2.015358E+000;8;1
384652000;0;0;-2.015358E+000;8;1
